userIdA,userIdB,JaccardSimilarity,JaccardDistance,SpearmanCorrelation
137812,181530,1.0,0.0,0.981629598726524
77647,294432,0.9981124952812382,0.0018875047187617566,0.9999176277779576
19947,139527,0.9979253112033195,0.0020746887966804906,0.44384735297730876
25084,86967,0.9882575757575758,0.011742424242424221,0.9970536014469599
30254,292994,0.9867549668874173,0.013245033112582738,0.981811541676477
86967,294432,0.985708913125235,0.014291086874764991,0.9971777151300106
25084,294432,0.9852719033232629,0.014728096676737135,0.9997093438985547
77647,86967,0.9838588588588588,0.01614114114114118,0.9970971338960815
25084,77647,0.9834150018846589,0.016584998115341087,0.9996263709434298
112310,261244,0.9827456864216054,0.017254313578394576,0.9989822733025192
112474,241351,0.9812734082397003,0.01872659176029967,0.9521038912571304
50012,174815,0.9787701317715959,0.021229868228404114,0.9998086562072714
41012,300048,0.9766839378238342,0.023316062176165775,1.0
241273,296245,0.9672131147540983,0.032786885245901676,1.0
76755,103216,0.9653179190751445,0.034682080924855474,0.11526408421253882
60944,311877,0.9583333333333334,0.04166666666666663,0.9819641910335216
77647,174815,0.9582111436950147,0.0417888563049853,0.9994313829852518
83880,86967,0.957623912220961,0.04237608777903901,0.9938640934875838
174815,294432,0.9563782991202346,0.04362170087976536,0.9993473321046444
25084,83880,0.9555808656036446,0.044419134396355364,0.9929131940412299
46734,135003,0.9550290135396519,0.04497098646034814,0.9990380114336507
44624,216423,0.9526462395543176,0.0473537604456824,0.9980355693388588
83880,261244,0.9516129032258065,0.048387096774193505,0.9614294913749926
116432,247373,0.9478405315614618,0.05215946843853825,0.9968474751822467
68753,174216,0.9476861167002012,0.0523138832997988,0.905625233349442
83880,294432,0.946656649135988,0.053343350864011985,0.9927335958691921
77647,83880,0.9448818897637795,0.055118110236220486,0.992733595869192
25084,174815,0.9435897435897436,0.05641025641025643,0.9992434793698323
86967,174815,0.9427633977397011,0.05723660226029892,0.9964893030530206
90682,207796,0.9418604651162791,0.05813953488372092,0.9924493223140626
134631,223888,0.9415584415584416,0.058441558441558406,0.9009544543098206
50012,77647,0.941346850108617,0.05865314989138304,0.999427974760314
50012,294432,0.9402390438247012,0.05976095617529875,0.9993438209706685
83880,112310,0.9343832020997376,0.06561679790026242,0.9598448512724914
95676,252853,0.9334377447141738,0.06656225528582616,0.9977531879117707
25084,50012,0.9290112278160086,0.07098877218399136,0.999043335969887
50012,86967,0.9275675675675675,0.07243243243243247,0.9964502979041268
50012,247373,0.9214285714285714,0.07857142857142863,0.998970532350059
86967,261244,0.9164859002169198,0.08351409978308022,0.9634761213014632
107564,320850,0.9151414309484193,0.08485856905158073,-0.003410095963645418
37704,311877,0.9144736842105263,0.08552631578947367,0.9687007446640131
25084,261244,0.9143997098295249,0.0856002901704751,0.9635317011570225
211127,224154,0.9115913555992141,0.08840864440078589,0.855468028601456
15774,324684,0.9106029106029107,0.08939708939708935,0.9726582575156649
305,105129,0.9095513748191028,0.09044862518089725,0.9535587838204231
261244,294432,0.9069683908045977,0.09303160919540232,0.9634288862033457
83880,174815,0.9063411078717201,0.09365889212827994,0.9923241526623046
174815,247373,0.9061970877074161,0.09380291229258386,0.9986871922245288
77647,261244,0.9053424166367874,0.09465758336321262,0.9634288862033457
207796,254643,0.9039408866995073,0.09605911330049266,0.9947265019382164
25084,112310,0.9011986923356339,0.09880130766436612,0.9622999049169618
209048,249815,0.8999129677980853,0.10008703220191473,0.9149799645576326
86967,112310,0.8998915793277918,0.10010842067220815,0.962093551056334
50012,83880,0.8929343907714492,0.1070656092285508,0.9920556185288117
112310,294432,0.8918433345310816,0.10815666546891844,0.9623028658267149
77647,112310,0.8902439024390244,0.1097560975609756,0.9623028658267149
52061,88189,0.8899082568807339,0.11009174311926606,0.11896219811928442
165356,223888,0.8841059602649006,0.11589403973509937,0.846009474920328
78255,185341,0.8827195467422096,0.11728045325779035,0.9046593102591071
37704,60944,0.8823529411764706,0.11764705882352944,0.9598379700221727
50012,116432,0.88,0.12,0.9962839811401554
77647,247373,0.8785738311469896,0.12142616885301039,0.9984298567388853
89344,97719,0.8775906735751295,0.12240932642487046,0.9250535505238174
247373,294432,0.8768920282542886,0.12310797174571142,0.9984296074726448
174815,261244,0.8701570680628272,0.12984293193717278,0.9627986203062867
148873,162662,0.8695652173913043,0.13043478260869568,0.7038813730773725
9617,244081,0.8676844783715013,0.1323155216284987,0.16142200642390794
86967,247373,0.8660415271265908,0.13395847287340923,0.995736856752486
133523,209048,0.8658843252305113,0.1341156747694887,0.8925025598996156
209048,214863,0.8658436213991769,0.13415637860082308,0.8911860101751434
116432,174815,0.865250580816462,0.134749419183538,0.9961558849645793
25084,247373,0.8652100840336134,0.13478991596638656,0.9987080551867759
47924,167461,0.864951768488746,0.135048231511254,0.9813523898733361
50012,261244,0.8576856649395509,0.1423143350604491,0.9622958089298783
157272,241636,0.8564073226544623,0.1435926773455377,0.9230098812991131
112310,174815,0.8560950052392595,0.14390499476074048,0.9616515927851799
133523,249815,0.8557130942452044,0.14428690575479564,0.8822928199894892
107564,234116,0.8538732394366197,0.14612676056338025,0.060201385021973475
90682,254643,0.8536585365853658,0.14634146341463417,0.9827203600829891
234116,318235,0.8515037593984962,0.1484962406015038,0.07650943037066822
31027,172512,0.8508928571428571,0.14910714285714288,0.8707571340015068
244841,293757,0.8506375227686703,0.14936247723132967,0.9794200091185541
214863,249815,0.8482871125611745,0.1517128874388255,0.8814821889429892
17409,30606,0.8478260869565217,0.15217391304347827,0.9985921722223008
54036,95107,0.8466557911908646,0.15334420880913535,0.8939181507926938
97719,241636,0.8458429561200924,0.15415704387990758,0.9119038690714484
50012,112310,0.8437608019357069,0.1562391980642931,0.9611293949132714
83332,84239,0.8422818791946308,0.15771812080536918,0.6150661440172991
241351,314784,0.8406072106261859,0.15939278937381407,0.9362094480627244
25072,241603,0.8389937106918239,0.16100628930817606,0.9968573461402022
203961,284282,0.8387909319899244,0.16120906801007562,0.9954052270224355
134631,165356,0.8374118622978017,0.16258813770219827,0.7275475979056901
234116,320850,0.8369384359400999,0.16306156405990013,-0.05707172148609126
31027,194408,0.835966892400301,0.16403310759969902,0.8383198153113364
20590,298615,0.8358531317494601,0.16414686825053992,0.18258012942145782
133523,214863,0.8354531001589826,0.16454689984101745,0.8700536866705555
77647,116432,0.8342105263157895,0.1657894736842105,0.996084572230548
89870,169934,0.8336134453781513,0.1663865546218487,0.14752565216513797
115007,124350,0.8333333333333334,0.16666666666666663,0.9905787611385819
83880,247373,0.8332217012726055,0.16677829872739447,0.9918077559759538
